<?xml version="1.0" encoding="UTF-8" standalone="yes"?>
<Window size="200,40" sizebox="4,4,6,6" caption="0,0,0,30">
	<Font name="微软雅黑" />
	<Font name="微软雅黑" size="14" />
	<Font name="微软雅黑" size="9" />
	<ListContainerElement>
		<VerticalLayout bkcolor="#ffffffff">
			<VerticalLayout height="40">
                <Control name="UserIconCtl" float="true" pos="0,2,0,0" width="32" height="32" bkimage="keyMon\WeChat.png" bkcolor="#ffffffff" />
				<Label name="warename" float="true" pos="45,5,0,0" width="100" height="30" font="1" text="完美对战平台" textcolor="#ff000000"  />
                <Option name="wareOpen" float="true" pos="130,12,0,0" width="43" height="16" normalimage="keyMon\ware_off.png" bkcolor="#ffffffff" selectedimage="keyMon\ware_on.png" />
			</VerticalLayout>
		</VerticalLayout>
	</ListContainerElement>
</Window>
